{"nodes": [0, 1, 2, 3, 4, 5, 6, 7, 8, 9, 10, 11, 12, 13, 14], "edges": [[0, 1], [0, 4], [0, 14], [1, 2], [1, 5], [2, 3], [2, 6], [3, 4], [3, 8], [3, 10], [4, 12], [4, 13], [5, 7], [8, 9], [9, 11]], "node_positions": {"0": [500.0, 300.0], "1": [430.90169943749476, 395.10565162951536], "2": [319.0983005625053, 358.7785252292473], "3": [319.09830056250524, 241.2214747707527], "4": [430.9016994374947, 204.89434837048464], "5": [533.0993990863278, 478.3410874353499], "6": [298.56021556126274, 458.16470250104885], "7": [545.926761240191, 585], "8": [235.68410903518372, 272.09145984728235], "9": [166.53374931502162, 319.5328414477819], "10": [299.5982716357151, 107.42863925735742], "11": [199.73010591969359, 459.0815985060809], "12": [554.3359630765028, 200.499314043357], "13": [405.28027925282004, 108.7240973488545], "14": [514.954354688634, 387.51285197736115]}, "growth_rate": 1, "branching_factor": 1.75, "milestone": 1}