{"nodes": [0, 1, 2, 3, 4, 5, 6, 7, 8, 9, 10, 11, 12, 13, 14, 15, 16, 17, 18, 19, 20, 21, 22, 23], "edges": [[0, 1], [0, 4], [1, 2], [1, 5], [2, 3], [2, 6], [2, 7], [3, 4], [5, 8], [5, 10], [5, 11], [5, 12], [8, 9], [10, 13], [10, 14], [12, 15], [12, 16], [15, 17], [15, 19], [15, 21], [17, 18], [19, 20], [19, 22], [19, 23]], "node_positions": {"0": [500.0, 300.0], "1": [430.90169943749476, 395.10565162951536], "2": [319.0983005625053, 358.7785252292473], "3": [319.09830056250524, 241.2214747707527], "4": [430.9016994374947, 204.89434837048464], "5": [534.8702269103765, 436.7933836660849], "6": [222.84223824414568, 367.53670779908987], "7": [207.22134662350214, 260.7423892039677], "8": [633.8425507331757, 469.12384774414676], "9": [724.0383034580957, 557.9538911331543], "10": [429.91172629159126, 540.6222921424826], "11": [505.55940324649043, 513.0862965848272], "12": [654.9380965392788, 382.3981872341012], "13": [338.2655002317691, 532.6054243520898], "14": [340.4252642943789, 448.0447181901424], "15": [699.9279806475616, 294.9312363521288], "16": [578.60714542513, 319.00808428273757], "17": [639.4437759207575, 201.3675697905418], "18": [520.7460020839715, 194.51886058739217], "19": [735.8475998680324, 149.31479027808825], "20": [785, 67.30343792052969], "21": [785, 345.131437490745], "22": [695.0768277056893, 52.31449449960799], "23": [785, 252.420037416124]}, "growth_rate": 2, "branching_factor": 2.0, "milestone": 2}