{"nodes": [0, 1, 2, 3, 4, 5, 6, 7, 8, 9, 10, 11], "edges": [[0, 1], [0, 4], [1, 2], [2, 3], [2, 5], [3, 4], [3, 9], [4, 8], [5, 6], [5, 7], [9, 10], [10, 11]], "node_positions": {"0": [500.0, 300.0], "1": [430.90169943749476, 395.10565162951536], "2": [319.0983005625053, 358.7785252292473], "3": [319.09830056250524, 241.2214747707527], "4": [430.9016994374947, 204.89434837048464], "5": [267.16859619095146, 440.8292654535493], "6": [342.27188154940563, 470.04702989354206], "7": [182.84331467403456, 452.03759760698057], "8": [559.3922869508854, 215.84250861481598], "9": [227.82782931226927, 266.8218759663764], "10": [162.44995816325206, 369.7527936356763], "11": [113.81324378287613, 232.54314645899188]}, "growth_rate": 1, "branching_factor": 1.75, "milestone": 1}